Időpont;Név;Irányítószám;Életkor;E-mail cím; TAJ szám
8:00;Neilla Kittow;3400;89;nkittowm@cocolog-nifty.com;123457008
8:30;Daryl Chasier;3400;86;dchasier0@comcast.net;123456788
9:00;Sunny Stanlake;3400;86;sstanlake1@etsy.com;123456795
9:30;Trever Spennock;3400;76;tspennock3@yellowbook.com;123456812
10:00;Kristofor Brigginshaw;3400;75;kbrigginshaw2@patch.com;123456805
10:30;Jammie Seivertsen;3400;71;jseivertsenb@ox.ac.uk;123456898
11:00;Jasun Tennick;3400;71;jtennickc@merriam-webster.com;123456908
11:30;Joanne Rikel;3400;71;jrikeld@google.co.uk;123456915
12:00;Angie O' Mara;3400;59;ao7@infoseek.co.jp;123456850
12:30;Tiva;3400;48;t@gh.hu;123458074
13:00;Fawn Monkeman;3400;46;fmonkemanh@unblog.fr;123456953
13:30;Orly McKeran;3400;39;omckeran5@fotki.com;123456836
14:00;Ilysa Fairbard;3400;31;ifairbardq@moonfruit.com;123457046
14:30;Valerie Pummell;3400;27;vpummell9@army.mil;123456874
15:00;Hector Feilden;3400;25;hfeildenn@arstechnica.com;123457015
15:30;Harlene Farncombe;3400;24;hfarncombej@netscape.com;123456977
