Név;Irányítószám;Életkor;E-mail cím;TAJ-szám
Daryl Chasier;3400;86;dchasier0@comcast.net;123456788
Sunny Stanlake;3400;86;sstanlake1@etsy.com;123456795
Kristofor Brigginshaw;3400;75;kbrigginshaw2@patch.com;123456805
Trever Spennock;3400;76;tspennock3@yellowbook.com;123456812
Beckie Middleweek;2186;32;bmiddleweek4@opensource.org;123456829
Orly McKeran;3400;39;omckeran5@fotki.com;123456836
Harlie Samwyse;6591;37;hsamwyse6@bloomberg.com;123456843
Angie O' Mara;3400;59;ao7@infoseek.co.jp;123456850
Scarface Shermore;6146;42;sshermore8@businessinsider.com;123456867
Valerie Pummell;3400;27;vpummell9@army.mil;123456874
Eustacia Foux;1631;30;efouxa@harvard.edu;123456881
Jammie Seivertsen;3400;71;jseivertsenb@ox.ac.uk;123456898
Jasun Tennick;3400;71;jtennickc@merriam-webster.com;123456908
Joanne Rikel;3400;71;jrikeld@google.co.uk;123456915
Gustavus Wassung;3139;96;gwassunge@yolasite.com;123456922
Kirsteni Antuoni;3400;12;kantuonif@mozilla.com;123456939
Karry Kropach;6165;44;kkropachg@istockphoto.com;123456946
Fawn Monkeman;3400;46;fmonkemanh@unblog.fr;123456953
Haywood Swait;3393;24;hswaiti@constantcontact.com;123456960
Harlene Farncombe;3400;24;hfarncombej@netscape.com;123456977
Alisa McNern;4202;12;amcnernk@yahoo.co.jp;123456983
Bette-ann Candie;7869;33;bcandiel@taobao.com;123456991
Neilla Kittow;3400;89;nkittowm@cocolog-nifty.com;123457008
Hector Feilden;3400;25;hfeildenn@arstechnica.com;123457015
Ambur Thorrington;3159;1;athorringtono@blog.com;123457022
Ewen Walhedd;3449;39;ewalheddpwhitehouse.gov;123457039
Ilysa Fairbard;3400;31;ifairbardq@moonfruit.com;123457046
Gamaliel Butterfint;9483;23;gbutterfintr@sohu.com;123457053
Joshia Mara;3400;13;jmaras@meetup.com;123457060
